HomeTeam,Ajax,AtleticoMadrid,Liverpool,Lyon,ManchesterUnited,Roma,Schalke04,TottenhamHotspur
Barcelona,0.1399,,0.17063,0.17376,0.17246,0.16158,0.18167,
BayernMunich,,0.17749,0.16676,0.16675,0.16713,0.15407,,0.1678
BorussiaDortmund,0.13691,,0.17575,0.17644,0.17678,0.15758,,0.17654
Juventus,0.13565,0.18466,0.1665,0.165,,,0.17916,0.16903
ManchesterCity,0.19336,0.29474,,,,0.22931,0.28259,
ParisSaintGermain,0.13779,0.18643,,,0.16588,0.15958,0.18111,0.16921
Porto,0.11977,0.15668,0.14616,0.14656,0.14712,0.13788,,0.14583
RealMadrid,0.13662,,0.1742,0.17149,0.17063,,0.17547,0.17159
